# Canonical Wine host runtime hashes; regenerated from the staged runtime payload.
# The archive contains the ad-hoc-signed Mach-O ntdll.so. Setup verifies the
# archive hash before extraction and may re-sign after extraction if needed.
path	sha256
lib/wine/x86_64-unix/ntdll.so	22eac51531c42486f3a0f578657dc35fae8b5f9816a8bfacd6a7cc4cf4615d10
lib/wine/x86_64-unix/opengl32.so	c1595d247d7e28d95ddc9ad960cb9a59cf1782ad5bfabe0a9741a9351d7bd2d0
lib/wine/x86_64-unix/winemac.so	35a3199d23149dbb929c07ef18119681fcea1275f0e453932f78618229e1aa37
lib/wine/x86_64-unix/metalsharp-opengl.dylib	408d8cb54891921ee246b33e376a0857502e2f8ee0a35a3933e0f5e853537276
lib/wine/x86_64-windows/opengl32.dll	701fd4c2803afa3537be2113a9b5602cf6d38fe686658e57754f5799f74c0a4d
lib/wine/i386-windows/opengl32.dll	3a03b4420f36b097c28af5809a69669aca8bb028e330f2766f5e2b60e9f5c522
share/mono/wine-mono-11.3.0/support/winemono-support.msi	0567d9569c9ca7f678c7ccd4a5ccffbd9dc7bdd3c632ce204afaf7068bf9c2db
share/mono/wine-mono-11.3.0/bin/libmono-2.0-x86.dll	cda071f4f4948abc4ab85593ec06f3b633c7420dcf455d10157e06d460f2db9f
share/mono/wine-mono-11.3.0/bin/libmono-2.0-x86_64.dll	ffc91174da9285dd7fdd1ee144db417ddf5233efc42914f45747ced0095e547c
